perc1;perc2;succ;cost
# 2^15
71; 0; 0; 1.58
66; 0; 0; 1.68
61; 0; 0; 1.78
71; 1; 0; 1.57
56; 0; 0; 1.88
66; 1; 0; 1.67
61; 1; 0; 1.77
71; 2; 0; 1.56
21; 38; 40; 2.2
26; 28; 40; 2.2
0; 80; 40; 2.2
6; 68; 40; 2.2
66; 2; 0; 1.66
36; 8; 40; 2.2
41; 0; 40; 2.18
31; 18; 40; 2.2
16; 48; 40; 2.2
11; 58; 40; 2.2
46; 0; 40; 2.08
71; 3; 0; 1.55
56; 1; 0; 1.87
51; 0; 16; 1.98
61; 2; 0; 1.76
66; 3; 0; 1.65
71; 4; 0; 1.54
61; 3; 0; 1.75
66; 4; 0; 1.64
71; 5; 0; 1.53
56; 2; 0; 1.86
21; 39; 40; 2.19
6; 69; 40; 2.19
0; 81; 40; 2.19
71; 6; 0; 1.52
66; 5; 0; 1.63
41; 1; 40; 2.17
16; 49; 40; 2.19
26; 29; 40; 2.19
36; 9; 40; 2.19
61; 4; 0; 1.74
11; 59; 40; 2.19
31; 19; 40; 2.19
71; 7; 0; 1.51
46; 1; 40; 2.07
66; 6; 0; 1.62
56; 3; 0; 1.85
51; 1; 21; 1.97
61; 5; 0; 1.73
71; 8; 0; 1.5
66; 7; 0; 1.61
61; 6; 0; 1.72
21; 40; 40; 2.18
71; 9; 0; 1.49
0; 82; 40; 2.18
41; 2; 40; 2.16
66; 8; 0; 1.6
26; 30; 40; 2.18
16; 50; 40; 2.18
6; 70; 40; 2.18
56; 4; 0; 1.84
31; 20; 40; 2.18
11; 60; 40; 2.18
36; 10; 40; 2.18
61; 7; 0; 1.71
71; 10; 0; 1.48
66; 9; 0; 1.59
71; 11; 0; 1.47
46; 2; 40; 2.06
61; 8; 0; 1.7
66; 10; 0; 1.58
56; 5; 0; 1.83
51; 2; 16; 1.96
72; 0; 0; 1.56
21; 41; 40; 2.17
72; 1; 0; 1.55
41; 3; 40; 2.15
61; 9; 0; 1.69
36; 11; 40; 2.17
66; 11; 0; 1.57
26; 31; 40; 2.17
0; 83; 40; 2.17
6; 71; 40; 2.17
16; 51; 40; 2.17
31; 21; 40; 2.17
11; 61; 40; 2.17
72; 2; 0; 1.54
56; 6; 0; 1.82
66; 12; 0; 1.56
61; 10; 0; 1.68
72; 3; 0; 1.53
21; 42; 40; 2.16
66; 13; 0; 1.55
61; 11; 0; 1.67
72; 4; 0; 1.52
46; 3; 40; 2.05
51; 3; 12; 1.95
56; 7; 0; 1.81
41; 4; 40; 2.14
36; 12; 40; 2.16
11; 62; 40; 2.16
0; 84; 40; 2.16
26; 32; 40; 2.16
6; 72; 40; 2.16
66; 14; 0; 1.54
31; 22; 40; 2.16
72; 5; 0; 1.51
16; 52; 40; 2.16
61; 12; 0; 1.66
66; 15; 0; 1.53
72; 6; 0; 1.5
56; 8; 0; 1.8
21; 43; 40; 2.15
61; 13; 0; 1.65
72; 7; 0; 1.49
66; 16; 0; 1.52
36; 13; 40; 2.15
72; 8; 0; 1.48
46; 4; 40; 2.04
11; 63; 40; 2.15
41; 5; 40; 2.13
61; 14; 0; 1.64
31; 23; 40; 2.15
0; 85; 40; 2.15
6; 73; 40; 2.15
51; 4; 9; 1.94
26; 33; 40; 2.15
66; 17; 0; 1.51
16; 53; 40; 2.15
73; 0; 0; 1.54
56; 9; 0; 1.79
61; 15; 0; 1.63
73; 1; 0; 1.53
66; 18; 0; 1.5
21; 44; 40; 2.14
73; 2; 0; 1.52
36; 14; 40; 2.14
66; 19; 0; 1.49
56; 10; 0; 1.78
61; 16; 0; 1.62
73; 3; 0; 1.51
41; 6; 40; 2.12
11; 64; 40; 2.14
0; 86; 40; 2.14
46; 5; 39; 2.03
31; 24; 40; 2.14
26; 34; 40; 2.14
16; 54; 40; 2.14
6; 74; 40; 2.14
66; 20; 0; 1.48
73; 4; 0; 1.5
51; 5; 5; 1.93
61; 17; 0; 1.61
73; 5; 0; 1.49
21; 45; 40; 2.13
66; 21; 0; 1.47
56; 11; 0; 1.77
61; 18; 0; 1.6
74; 0; 0; 1.52
36; 15; 40; 2.13
66; 22; 0; 1.46
74; 1; 0; 1.51
41; 7; 40; 2.11
61; 19; 0; 1.59
11; 65; 40; 2.13
31; 25; 40; 2.13
0; 87; 40; 2.13
26; 35; 40; 2.13
16; 55; 40; 2.13
46; 6; 40; 2.02
74; 2; 0; 1.5
6; 75; 40; 2.13
56; 12; 0; 1.76
66; 23; 0; 1.45
75; 0; 0; 1.5
61; 20; 0; 1.58
51; 6; 4; 1.92
21; 46; 40; 2.12
66; 24; 0; 1.44
36; 16; 40; 2.12
56; 13; 0; 1.75
41; 8; 40; 2.1
66; 25; 0; 1.43
61; 21; 0; 1.57
31; 26; 40; 2.12
11; 66; 40; 2.12
6; 76; 40; 2.12
0; 88; 40; 2.12
26; 36; 40; 2.12
67; 0; 0; 1.66
16; 56; 40; 2.12
46; 7; 39; 2.01
56; 14; 0; 1.74
61; 22; 0; 1.56
67; 1; 0; 1.65
21; 47; 40; 2.11
51; 7; 3; 1.91
36; 17; 40; 2.11
67; 2; 0; 1.64
41; 9; 39; 2.09
0; 89; 38; 2.11
11; 67; 40; 2.11
6; 77; 39; 2.11
31; 27; 40; 2.11
61; 23; 0; 1.55
67; 3; 0; 1.63
56; 15; 0; 1.73
26; 37; 40; 2.11
16; 57; 40; 2.11
67; 4; 0; 1.62
61; 24; 0; 1.54
21; 48; 40; 2.1
51; 8; 0; 1.9
46; 8; 39; 2
36; 18; 40; 2.1
67; 5; 0; 1.61
41; 10; 40; 2.08
56; 16; 0; 1.72
31; 28; 40; 2.1
6; 78; 40; 2.1
61; 25; 0; 1.53
67; 6; 0; 1.6
11; 68; 39; 2.1
0; 90; 38; 2.1
26; 38; 40; 2.1
67; 7; 0; 1.59
16; 58; 40; 2.1
61; 26; 0; 1.52
67; 8; 0; 1.58
56; 17; 0; 1.71
21; 49; 40; 2.09
36; 19; 40; 2.09
51; 9; 1; 1.89
67; 9; 0; 1.57
41; 11; 40; 2.07
31; 29; 40; 2.09
46; 9; 39; 1.99
11; 69; 40; 2.09
67; 10; 0; 1.56
6; 79; 39; 2.09
0; 91; 33; 2.09
61; 27; 0; 1.51
26; 39; 40; 2.09
16; 59; 40; 2.09
67; 11; 0; 1.55
56; 18; 0; 1.7
61; 28; 0; 1.5
36; 20; 40; 2.08
67; 12; 0; 1.54
21; 50; 40; 2.08
31; 30; 40; 2.08
41; 12; 40; 2.06
51; 10; 0; 1.88
67; 13; 0; 1.53
56; 19; 0; 1.69
6; 80; 37; 2.08
0; 92; 26; 2.08
11; 70; 40; 2.08
61; 29; 0; 1.49
26; 40; 40; 2.08
16; 60; 40; 2.08
46; 10; 38; 1.98
67; 14; 0; 1.52
56; 20; 0; 1.68
67; 15; 0; 1.51
21; 51; 40; 2.07
61; 30; 0; 1.48
36; 21; 40; 2.07
31; 31; 40; 2.07
41; 13; 40; 2.05
67; 16; 0; 1.5
0; 93; 18; 2.07
6; 81; 32; 2.07
26; 41; 40; 2.07
51; 11; 0; 1.87
61; 31; 0; 1.47
11; 71; 38; 2.07
67; 17; 0; 1.49
56; 21; 0; 1.67
16; 61; 40; 2.07
21; 52; 40; 2.06
46; 11; 36; 1.97
67; 18; 0; 1.48
36; 22; 40; 2.06
31; 32; 40; 2.06
61; 32; 0; 1.46
67; 19; 0; 1.47
56; 22; 0; 1.66
41; 14; 40; 2.04
6; 82; 31; 2.06
67; 20; 0; 1.46
0; 94; 8; 2.06
11; 72; 37; 2.06
26; 42; 40; 2.06
51; 12; 0; 1.86
61; 33; 0; 1.45
16; 62; 40; 2.06
67; 21; 0; 1.45
21; 53; 40; 2.05
56; 23; 0; 1.65
31; 33; 40; 2.05
36; 23; 40; 2.05
67; 22; 0; 1.44
61; 34; 0; 1.44
46; 12; 33; 1.96
0; 95; 2; 2.05
68; 0; 0; 1.64
6; 83; 19; 2.05
41; 15; 40; 2.03
68; 1; 0; 1.63
26; 43; 40; 2.05
16; 63; 40; 2.05
11; 73; 35; 2.05
61; 35; 0; 1.43
56; 24; 0; 1.64
68; 2; 0; 1.62
51; 13; 0; 1.85
21; 54; 38; 2.04
31; 34; 40; 2.04
36; 24; 40; 2.04
68; 3; 0; 1.61
0; 96; 0; 2.04
68; 4; 0; 1.6
61; 36; 0; 1.42
6; 84; 8; 2.04
46; 13; 31; 1.95
68; 5; 0; 1.59
26; 44; 40; 2.04
56; 25; 0; 1.63
41; 16; 40; 2.02
11; 74; 25; 2.04
68; 6; 0; 1.58
16; 64; 37; 2.04
21; 55; 38; 2.03
61; 37; 0; 1.41
51; 14; 0; 1.84
31; 35; 40; 2.03
0; 97; 0; 2.03
36; 25; 40; 2.03
68; 7; 0; 1.57
56; 26; 0; 1.62
68; 8; 0; 1.56
46; 14; 20; 1.94
6; 85; 6; 2.03
26; 45; 39; 2.03
41; 17; 40; 2.01
61; 38; 0; 1.4
68; 9; 0; 1.55
0; 98; 0; 2.02
11; 75; 16; 2.03
16; 65; 33; 2.03
68; 10; 0; 1.54
21; 56; 37; 2.02
36; 26; 40; 2.02
56; 27; 0; 1.61
68; 11; 0; 1.53
31; 36; 40; 2.02
51; 15; 0; 1.83
61; 39; 0; 1.39
6; 86; 0; 2.02
68; 12; 0; 1.52
41; 18; 39; 2
26; 46; 40; 2.02
0; 99; 0; 2.01
62; 0; 0; 1.76
68; 13; 0; 1.51
16; 66; 18; 2.02
11; 76; 7; 2.02
46; 15; 18; 1.93
56; 28; 0; 1.6
62; 1; 0; 1.75
68; 14; 0; 1.5
21; 57; 29; 2.01
31; 37; 38; 2.01
6; 87; 0; 2.01
51; 16; 0; 1.82
36; 27; 40; 2.01
62; 2; 0; 1.74
68; 15; 0; 1.49
0; 100; 0; 2
62; 3; 0; 1.73
26; 47; 34; 2.01
68; 16; 0; 1.48
56; 29; 0; 1.59
16; 67; 15; 2.01
41; 19; 37; 1.99
11; 77; 3; 2.01
62; 4; 0; 1.72
68; 17; 0; 1.47
6; 88; 0; 2
21; 58; 20; 2
46; 16; 17; 1.92
68; 18; 0; 1.46
62; 5; 0; 1.71
31; 38; 37; 2
1; 78; 40; 2.2
51; 17; 0; 1.81
56; 30; 0; 1.58
36; 28; 37; 2
68; 19; 0; 1.45
62; 6; 0; 1.7
26; 48; 33; 2
16; 68; 8; 2
11; 78; 0; 2
69; 0; 0; 1.62
6; 89; 0; 1.99
62; 7; 0; 1.69
21; 59; 15; 1.99
69; 1; 0; 1.61
41; 20; 38; 1.98
62; 8; 0; 1.68
1; 79; 40; 2.19
69; 2; 0; 1.6
31; 39; 38; 1.99
56; 31; 0; 1.57
46; 17; 3; 1.91
51; 18; 0; 1.8
62; 9; 0; 1.67
69; 3; 0; 1.59
11; 79; 0; 1.99
6; 90; 0; 1.98
16; 69; 4; 1.99
36; 29; 40; 1.99
69; 4; 0; 1.58
26; 49; 30; 1.99
62; 10; 0; 1.66
69; 5; 0; 1.57
21; 60; 14; 1.98
1; 80; 40; 2.18
62; 11; 0; 1.65
69; 6; 0; 1.56
56; 32; 0; 1.56
11; 80; 0; 1.98
31; 40; 35; 1.98
41; 21; 39; 1.97
51; 19; 0; 1.79
69; 7; 0; 1.55
6; 91; 0; 1.97
62; 12; 0; 1.64
16; 70; 0; 1.98
69; 8; 0; 1.54
46; 18; 1; 1.9
26; 50; 22; 1.98
62; 13; 0; 1.63
1; 81; 40; 2.17
69; 9; 0; 1.53
36; 30; 39; 1.98
21; 61; 2; 1.97
56; 33; 0; 1.55
11; 81; 0; 1.97
69; 10; 0; 1.52
62; 14; 0; 1.62
31; 41; 26; 1.97
6; 92; 0; 1.96
69; 11; 0; 1.51
51; 20; 0; 1.78
62; 15; 0; 1.61
41; 22; 30; 1.96
69; 12; 0; 1.5
16; 71; 0; 1.97
56; 34; 0; 1.54
1; 82; 40; 2.16
62; 16; 0; 1.6
69; 13; 0; 1.49
11; 82; 0; 1.96
26; 51; 16; 1.97
36; 31; 31; 1.97
46; 19; 0; 1.89
21; 62; 1; 1.96
6; 93; 0; 1.95
69; 14; 0; 1.48
62; 17; 0; 1.59
31; 42; 15; 1.96
69; 15; 0; 1.47
51; 21; 0; 1.77
16; 72; 0; 1.96
62; 18; 0; 1.58
69; 16; 0; 1.46
56; 35; 0; 1.53
1; 83; 40; 2.15
11; 83; 0; 1.95
70; 0; 0; 1.6
6; 94; 0; 1.94
41; 23; 33; 1.95
62; 19; 0; 1.57
36; 32; 29; 1.96
70; 1; 0; 1.59
26; 52; 2; 1.96
21; 63; 0; 1.95
31; 43; 7; 1.95
46; 20; 0; 1.88
62; 20; 0; 1.56
70; 2; 0; 1.58
16; 73; 0; 1.95
56; 36; 0; 1.52
70; 3; 0; 1.57
7; 66; 40; 2.2
51; 22; 0; 1.76
62; 21; 0; 1.55
1; 84; 40; 2.14
11; 84; 0; 1.94
70; 4; 0; 1.56
70; 5; 0; 1.55
41; 24; 24; 1.94
21; 64; 0; 1.94
62; 22; 0; 1.54
16; 74; 0; 1.94
26; 53; 2; 1.95
70; 6; 0; 1.54
36; 33; 21; 1.95
31; 44; 3; 1.94
46; 21; 0; 1.87
70; 7; 0; 1.53
62; 23; 0; 1.53
7; 67; 40; 2.19
56; 37; 0; 1.51
70; 8; 0; 1.52
11; 85; 0; 1.93
1; 85; 40; 2.13
51; 23; 0; 1.75
70; 9; 0; 1.51
62; 24; 0; 1.52
21; 65; 0; 1.93
70; 10; 0; 1.5
16; 75; 0; 1.93
26; 54; 1; 1.94
41; 25; 12; 1.93
62; 25; 0; 1.51
70; 11; 0; 1.49
7; 68; 40; 2.18
31; 45; 1; 1.93
56; 38; 0; 1.5
36; 34; 16; 1.94
70; 12; 0; 1.48
62; 26; 0; 1.5
1; 86; 39; 2.12
46; 22; 0; 1.86
11; 86; 0; 1.92
70; 13; 0; 1.47
21; 66; 0; 1.92
16; 76; 0; 1.92
62; 27; 0; 1.49
51; 24; 0; 1.74
26; 55; 0; 1.93
70; 14; 0; 1.46
7; 69; 40; 2.17
41; 26; 7; 1.92
62; 28; 0; 1.48
56; 39; 0; 1.49
1; 87; 40; 2.11
11; 87; 0; 1.91
31; 46; 0; 1.92
36; 35; 5; 1.93
16; 77; 0; 1.91
46; 23; 0; 1.85
62; 29; 0; 1.47
21; 67; 0; 1.91
51; 25; 0; 1.73
26; 56; 0; 1.92
7; 70; 40; 2.16
62; 30; 0; 1.46
11; 88; 0; 1.9
56; 40; 0; 1.48
1; 88; 39; 2.1
31; 47; 0; 1.91
41; 27; 3; 1.91
62; 31; 0; 1.45
16; 78; 0; 1.9
36; 36; 1; 1.92
21; 68; 0; 1.9
46; 24; 0; 1.84
7; 71; 40; 2.15
26; 57; 0; 1.91
51; 26; 0; 1.72
62; 32; 0; 1.44
56; 41; 0; 1.47
11; 89; 0; 1.89
1; 89; 36; 2.09
31; 48; 0; 1.9
62; 33; 0; 1.43
41; 28; 1; 1.9
16; 79; 0; 1.89
21; 69; 0; 1.89
36; 37; 0; 1.91
7; 72; 40; 2.14
62; 34; 0; 1.42
56; 42; 0; 1.46
46; 25; 0; 1.83
12; 56; 40; 2.2
26; 58; 0; 1.9
1; 90; 35; 2.08
51; 27; 0; 1.71
62; 35; 0; 1.41
16; 80; 0; 1.88
31; 49; 0; 1.89
41; 29; 1; 1.89
7; 73; 40; 2.13
21; 70; 0; 1.88
36; 38; 0; 1.9
56; 43; 0; 1.45
12; 57; 40; 2.19
62; 36; 0; 1.4
26; 59; 0; 1.89
1; 91; 18; 2.07
46; 26; 0; 1.82
63; 0; 0; 1.74
16; 81; 0; 1.87
63; 1; 0; 1.73
51; 28; 0; 1.7
7; 74; 40; 2.12
12; 58; 40; 2.18
31; 50; 0; 1.88
21; 71; 0; 1.87
56; 44; 0; 1.44
63; 2; 0; 1.72
36; 39; 0; 1.89
41; 30; 0; 1.88
63; 3; 0; 1.71
57; 0; 0; 1.86
1; 92; 11; 2.06
26; 60; 0; 1.88
16; 82; 0; 1.86
63; 4; 0; 1.7
46; 27; 0; 1.81
12; 59; 40; 2.17
7; 75; 40; 2.11
21; 72; 0; 1.86
57; 1; 0; 1.85
31; 51; 0; 1.87
63; 5; 0; 1.69
51; 29; 0; 1.69
36; 40; 0; 1.88
63; 6; 0; 1.68
57; 2; 0; 1.84
41; 31; 0; 1.87
1; 93; 3; 2.05
16; 83; 0; 1.85
63; 7; 0; 1.67
12; 60; 40; 2.16
26; 61; 0; 1.87
57; 3; 0; 1.83
46; 28; 0; 1.8
7; 76; 40; 2.1
63; 8; 0; 1.66
21; 73; 0; 1.85
31; 52; 0; 1.86
51; 30; 0; 1.68
63; 9; 0; 1.65
57; 4; 0; 1.82
16; 84; 0; 1.84
1; 94; 0; 2.04
36; 41; 0; 1.87
63; 10; 0; 1.64
12; 61; 40; 2.15
41; 32; 0; 1.86
26; 62; 0; 1.86
57; 5; 0; 1.81
63; 11; 0; 1.63
21; 74; 0; 1.84
7; 77; 40; 2.09
46; 29; 0; 1.79
31; 53; 0; 1.85
63; 12; 0; 1.62
17; 46; 40; 2.2
57; 6; 0; 1.8
1; 95; 0; 2.03
51; 31; 0; 1.67
12; 62; 40; 2.14
63; 13; 0; 1.61
36; 42; 0; 1.86
57; 7; 0; 1.79
41; 33; 0; 1.85
26; 63; 0; 1.85
21; 75; 0; 1.83
63; 14; 0; 1.6
7; 78; 39; 2.08
1; 96; 0; 2.02
17; 47; 40; 2.19
46; 30; 0; 1.78
31; 54; 0; 1.84
57; 8; 0; 1.78
63; 15; 0; 1.59
12; 63; 40; 2.13
51; 32; 0; 1.66
63; 16; 0; 1.58
36; 43; 0; 1.85
57; 9; 0; 1.77
41; 34; 0; 1.84
26; 64; 0; 1.84
1; 97; 0; 2.01
17; 48; 40; 2.18
21; 76; 0; 1.82
63; 17; 0; 1.57
7; 79; 37; 2.07
12; 64; 40; 2.12
57; 10; 0; 1.76
31; 55; 0; 1.83
63; 18; 0; 1.56
46; 31; 0; 1.77
51; 33; 0; 1.65
57; 11; 0; 1.75
17; 49; 40; 2.17
63; 19; 0; 1.55
36; 44; 0; 1.84
1; 98; 0; 2
26; 65; 0; 1.83
21; 77; 0; 1.81
12; 65; 40; 2.11
63; 20; 0; 1.54
41; 35; 0; 1.83
57; 12; 0; 1.74
7; 80; 27; 2.06
31; 56; 0; 1.82
63; 21; 0; 1.53
17; 50; 40; 2.16
46; 32; 0; 1.76
57; 13; 0; 1.73
1; 99; 0; 1.99
63; 22; 0; 1.52
26; 66; 0; 1.82
36; 45; 0; 1.83
12; 66; 40; 2.1
51; 34; 0; 1.64
21; 78; 0; 1.8
63; 23; 0; 1.51
57; 14; 0; 1.72
41; 36; 0; 1.82
7; 81; 23; 2.05
31; 57; 0; 1.81
63; 24; 0; 1.5
17; 51; 40; 2.15
2; 76; 40; 2.2
57; 15; 0; 1.71
63; 25; 0; 1.49
26; 67; 0; 1.81
46; 33; 0; 1.75
12; 67; 40; 2.09
21; 79; 0; 1.79
36; 46; 0; 1.82
51; 35; 0; 1.63
7; 82; 17; 2.04
63; 26; 0; 1.48
31; 58; 0; 1.8
17; 52; 40; 2.14
57; 16; 0; 1.7
2; 77; 40; 2.19
41; 37; 0; 1.81
63; 27; 0; 1.47
22; 36; 40; 2.2
26; 68; 0; 1.8
57; 17; 0; 1.69
12; 68; 40; 2.08
63; 28; 0; 1.46
46; 34; 0; 1.74
7; 83; 1; 2.03
2; 78; 40; 2.18
17; 53; 40; 2.13
36; 47; 0; 1.81
51; 36; 0; 1.62
31; 59; 0; 1.79
22; 37; 40; 2.19
63; 29; 0; 1.45
57; 18; 0; 1.68
41; 38; 0; 1.8
26; 69; 0; 1.79
63; 30; 0; 1.44
12; 69; 40; 2.07
2; 79; 40; 2.17
57; 19; 0; 1.67
7; 84; 1; 2.02
17; 54; 40; 2.12
22; 38; 40; 2.18
36; 48; 0; 1.8
63; 31; 0; 1.43
46; 35; 0; 1.73
51; 37; 0; 1.61
31; 60; 0; 1.78
57; 20; 0; 1.66
26; 70; 0; 1.78
41; 39; 0; 1.79
63; 32; 0; 1.42
2; 80; 40; 2.16
7; 85; 0; 2.01
12; 70; 39; 2.06
22; 39; 40; 2.17
57; 21; 0; 1.65
17; 55; 40; 2.11
63; 33; 0; 1.41
36; 49; 0; 1.79
31; 61; 0; 1.77
46; 36; 0; 1.72
64; 0; 0; 1.72
51; 38; 0; 1.6
2; 81; 40; 2.15
57; 22; 0; 1.64
26; 71; 0; 1.77
22; 40; 40; 2.16
64; 1; 0; 1.71
7; 86; 0; 2
12; 71; 32; 2.05
41; 40; 0; 1.78
17; 56; 40; 2.1
64; 2; 0; 1.7
57; 23; 0; 1.63
64; 3; 0; 1.69
31; 62; 0; 1.76
36; 50; 0; 1.78
22; 41; 40; 2.15
46; 37; 0; 1.71
64; 4; 0; 1.68
2; 82; 40; 2.14
7; 87; 0; 1.99
26; 72; 0; 1.76
51; 39; 0; 1.59
64; 5; 0; 1.67
57; 24; 0; 1.62
12; 72; 27; 2.04
17; 57; 40; 2.09
64; 6; 0; 1.66
41; 41; 0; 1.77
22; 42; 40; 2.14
64; 7; 0; 1.65
2; 83; 40; 2.13
31; 63; 0; 1.75
36; 51; 0; 1.77
26; 73; 0; 1.75
57; 25; 0; 1.61
46; 38; 0; 1.7
64; 8; 0; 1.64
7; 88; 0; 1.98
51; 40; 0; 1.58
12; 73; 20; 2.03
64; 9; 0; 1.63
17; 58; 40; 2.08
22; 43; 40; 2.13
41; 42; 0; 1.76
57; 26; 0; 1.6
64; 10; 0; 1.62
2; 84; 39; 2.12
7; 89; 0; 1.97
31; 64; 0; 1.74
64; 11; 0; 1.61
26; 74; 0; 1.74
36; 52; 0; 1.76
64; 12; 0; 1.6
46; 39; 0; 1.69
57; 27; 0; 1.59
51; 41; 0; 1.57
22; 44; 40; 2.12
12; 74; 17; 2.02
17; 59; 40; 2.07
2; 85; 39; 2.11
64; 13; 0; 1.59
41; 43; 0; 1.75
7; 90; 0; 1.96
27; 26; 40; 2.2
64; 14; 0; 1.58
57; 28; 0; 1.58
31; 65; 0; 1.73
64; 15; 0; 1.57
36; 53; 0; 1.75
46; 40; 0; 1.68
12; 75; 4; 2.01
22; 45; 40; 2.11
51; 42; 0; 1.56
64; 16; 0; 1.56
2; 86; 38; 2.1
17; 60; 40; 2.06
57; 29; 0; 1.57
27; 27; 40; 2.19
7; 91; 0; 1.95
41; 44; 0; 1.74
64; 17; 0; 1.55
31; 66; 0; 1.72
64; 18; 0; 1.54
36; 54; 0; 1.74
12; 76; 1; 2
22; 46; 40; 2.1
57; 30; 0; 1.56
27; 28; 40; 2.18
2; 87; 36; 2.09
46; 41; 0; 1.67
51; 43; 0; 1.55
64; 19; 0; 1.53
17; 61; 39; 2.05
7; 92; 0; 1.94
64; 20; 0; 1.52
41; 45; 0; 1.73
31; 67; 0; 1.71
64; 21; 0; 1.51
12; 77; 0; 1.99
27; 29; 40; 2.17
22; 47; 40; 2.09
57; 31; 0; 1.55
36; 55; 0; 1.73
7; 93; 0; 1.93
64; 22; 0; 1.5
2; 88; 32; 2.08
51; 44; 0; 1.54
46; 42; 0; 1.66
17; 62; 37; 2.04
64; 23; 0; 1.49
57; 32; 0; 1.54
27; 30; 40; 2.16
8; 64; 40; 2.2
22; 48; 40; 2.08
31; 68; 0; 1.7
12; 78; 0; 1.98
41; 46; 0; 1.72
64; 24; 0; 1.48
36; 56; 0; 1.72
2; 89; 26; 2.07
64; 25; 0; 1.47
51; 45; 0; 1.53
17; 63; 35; 2.03
46; 43; 0; 1.65
57; 33; 0; 1.53
8; 65; 40; 2.19
27; 31; 40; 2.15
64; 26; 0; 1.46
12; 79; 0; 1.97
22; 49; 40; 2.07
31; 69; 0; 1.69
64; 27; 0; 1.45
36; 57; 0; 1.71
41; 47; 0; 1.71
57; 34; 0; 1.52
2; 90; 13; 2.06
51; 46; 0; 1.52
27; 32; 40; 2.14
8; 66; 40; 2.18
64; 28; 0; 1.44
12; 80; 0; 1.96
17; 64; 30; 2.02
32; 16; 40; 2.2
46; 44; 0; 1.64
22; 50; 40; 2.06
64; 29; 0; 1.43
36; 58; 0; 1.7
57; 35; 0; 1.51
64; 30; 0; 1.42
8; 67; 40; 2.17
27; 33; 40; 2.13
41; 48; 0; 1.7
32; 17; 40; 2.19
2; 91; 4; 2.05
51; 47; 0; 1.51
65; 0; 0; 1.7
12; 81; 0; 1.95
17; 65; 19; 2.01
65; 1; 0; 1.69
46; 45; 0; 1.63
22; 51; 40; 2.05
65; 2; 0; 1.68
57; 36; 0; 1.5
36; 59; 0; 1.69
27; 34; 40; 2.12
32; 18; 40; 2.18
8; 68; 40; 2.16
2; 92; 1; 2.04
65; 3; 0; 1.67
51; 48; 0; 1.5
41; 49; 0; 1.69
65; 4; 0; 1.66
12; 82; 0; 1.94
17; 66; 7; 2
65; 5; 0; 1.65
46; 46; 0; 1.62
22; 52; 40; 2.04
57; 37; 0; 1.49
32; 19; 40; 2.17
8; 69; 40; 2.15
2; 93; 0; 2.03
65; 6; 0; 1.64
27; 35; 40; 2.11
36; 60; 0; 1.68
51; 49; 0; 1.49
65; 7; 0; 1.63
12; 83; 0; 1.93
17; 67; 5; 1.99
41; 50; 0; 1.68
65; 8; 0; 1.62
57; 38; 0; 1.48
32; 20; 40; 2.16
2; 94; 0; 2.02
8; 70; 40; 2.14
22; 53; 37; 2.03
65; 9; 0; 1.61
27; 36; 40; 2.1
46; 47; 0; 1.61
36; 61; 0; 1.67
52; 0; 4; 1.96
65; 10; 0; 1.6
12; 84; 0; 1.92
17; 68; 0; 1.98
65; 11; 0; 1.59
41; 51; 0; 1.67
32; 21; 40; 2.15
8; 71; 40; 2.13
57; 39; 0; 1.47
2; 95; 0; 2.01
65; 12; 0; 1.58
46; 48; 0; 1.6
27; 37; 40; 2.09
52; 1; 9; 1.95
12; 85; 0; 1.91
22; 54; 36; 2.02
65; 13; 0; 1.57
36; 62; 0; 1.66
17; 69; 0; 1.97
2; 96; 0; 2
8; 72; 40; 2.12
32; 22; 40; 2.14
65; 14; 0; 1.56
57; 40; 0; 1.46
41; 52; 0; 1.66
65; 15; 0; 1.55
12; 86; 0; 1.9
52; 2; 3; 1.94
27; 38; 40; 2.08
46; 49; 0; 1.59
65; 16; 0; 1.54
2; 97; 0; 1.99
8; 73; 40; 2.11
57; 41; 0; 1.45
22; 55; 33; 2.01
32; 23; 40; 2.13
36; 63; 0; 1.65
17; 70; 0; 1.96
65; 17; 0; 1.53
41; 53; 0; 1.65
52; 3; 2; 1.93
65; 18; 0; 1.52
12; 87; 0; 1.89
27; 39; 40; 2.07
46; 50; 0; 1.58
65; 19; 0; 1.51
2; 98; 0; 1.98
8; 74; 40; 2.1
57; 42; 0; 1.44
32; 24; 40; 2.12
22; 56; 17; 2
36; 64; 0; 1.64
65; 20; 0; 1.5
17; 71; 0; 1.95
52; 4; 0; 1.92
41; 54; 0; 1.64
65; 21; 0; 1.49
12; 88; 0; 1.88
3; 74; 40; 2.2
65; 22; 0; 1.48
27; 40; 40; 2.06
46; 51; 0; 1.57
57; 43; 0; 1.43
8; 75; 39; 2.09
32; 25; 40; 2.11
37; 6; 40; 2.2
65; 23; 0; 1.47
52; 5; 0; 1.91
17; 72; 0; 1.94
58; 0; 0; 1.84
13; 54; 40; 2.2
22; 57; 17; 1.99
65; 24; 0; 1.46
41; 55; 0; 1.63
3; 75; 40; 2.19
58; 1; 0; 1.83
27; 41; 38; 2.05
37; 7; 40; 2.19
65; 25; 0; 1.45
32; 26; 40; 2.1
46; 52; 0; 1.56
8; 76; 39; 2.08
58; 2; 0; 1.82
52; 6; 0; 1.9
17; 73; 0; 1.93
65; 26; 0; 1.44
13; 55; 40; 2.19
3; 76; 40; 2.18
58; 3; 0; 1.81
22; 58; 8; 1.98
41; 56; 0; 1.62
65; 27; 0; 1.43
37; 8; 40; 2.18
32; 27; 40; 2.09
27; 42; 40; 2.04
58; 4; 0; 1.8
46; 53; 0; 1.55
52; 7; 0; 1.89
65; 28; 0; 1.42
17; 74; 0; 1.92
8; 77; 38; 2.07
3; 77; 40; 2.17
13; 56; 40; 2.18
58; 5; 0; 1.79
22; 59; 5; 1.97
41; 57; 0; 1.61
37; 9; 40; 2.17
58; 6; 0; 1.78
32; 28; 40; 2.08
52; 8; 0; 1.88
46; 54; 0; 1.54
27; 43; 38; 2.03
17; 75; 0; 1.91
13; 57; 40; 2.17
58; 7; 0; 1.77
8; 78; 30; 2.06
3; 78; 40; 2.16
37; 10; 40; 2.16
22; 60; 1; 1.96
58; 8; 0; 1.76
41; 58; 0; 1.6
32; 29; 40; 2.07
52; 9; 0; 1.87
58; 9; 0; 1.75
17; 76; 0; 1.9
13; 58; 40; 2.16
47; 0; 40; 2.06
27; 44; 39; 2.02
8; 79; 21; 2.05
3; 79; 40; 2.15
58; 10; 0; 1.74
37; 11; 40; 2.15
22; 61; 0; 1.95
41; 59; 0; 1.59
52; 10; 0; 1.86
32; 30; 40; 2.06
58; 11; 0; 1.73
13; 59; 40; 2.15
17; 77; 0; 1.89
8; 80; 14; 2.04
47; 1; 40; 2.05
3; 80; 40; 2.14
27; 45; 37; 2.01
58; 12; 0; 1.72
37; 12; 40; 2.14
42; 0; 40; 2.16
22; 62; 0; 1.94
58; 13; 0; 1.71
52; 11; 0; 1.85
13; 60; 40; 2.14
32; 31; 40; 2.05
17; 78; 0; 1.88
3; 81; 40; 2.13
8; 81; 9; 2.03
58; 14; 0; 1.7
37; 13; 40; 2.13
47; 2; 40; 2.04
42; 1; 40; 2.15
27; 46; 35; 2
22; 63; 0; 1.93
58; 15; 0; 1.69
13; 61; 39; 2.13
17; 79; 0; 1.87
52; 12; 0; 1.84
3; 82; 40; 2.12
8; 82; 2; 2.02
32; 32; 40; 2.04
37; 14; 40; 2.12
58; 16; 0; 1.68
42; 2; 40; 2.14
47; 3; 39; 2.03
22; 64; 0; 1.92
27; 47; 29; 1.99
13; 62; 40; 2.12
58; 17; 0; 1.67
17; 80; 0; 1.86
52; 13; 0; 1.83
8; 83; 2; 2.01
3; 83; 40; 2.11
37; 15; 40; 2.11
32; 33; 40; 2.03
42; 3; 40; 2.13
58; 18; 0; 1.66
22; 65; 0; 1.91
13; 63; 40; 2.11
47; 4; 40; 2.02
58; 19; 0; 1.65
27; 48; 25; 1.98
17; 81; 0; 1.85
8; 84; 0; 2
37; 16; 40; 2.1
3; 84; 39; 2.1
42; 4; 40; 2.12
52; 14; 0; 1.82
32; 34; 40; 2.02
58; 20; 0; 1.64
13; 64; 40; 2.1
22; 66; 0; 1.9
47; 5; 38; 2.01
17; 82; 0; 1.84
58; 21; 0; 1.63
8; 85; 0; 1.99
27; 49; 12; 1.97
37; 17; 40; 2.09
42; 5; 40; 2.11
3; 85; 36; 2.09
58; 22; 0; 1.62
52; 15; 0; 1.81
32; 35; 40; 2.01
13; 65; 40; 2.09
22; 67; 0; 1.89
17; 83; 0; 1.83
8; 86; 0; 1.98
58; 23; 0; 1.61
47; 6; 37; 2
37; 18; 40; 2.08
42; 6; 40; 2.1
27; 50; 12; 1.96
3; 86; 31; 2.08
52; 16; 0; 1.8
13; 66; 40; 2.08
58; 24; 0; 1.6
18; 44; 40; 2.2
32; 36; 39; 2
22; 68; 0; 1.88
8; 87; 0; 1.97
37; 19; 40; 2.07
42; 7; 40; 2.09
58; 25; 0; 1.59
27; 51; 3; 1.95
47; 7; 39; 1.99
3; 87; 33; 2.07
18; 45; 40; 2.19
13; 67; 38; 2.07
52; 17; 0; 1.79
58; 26; 0; 1.58
32; 37; 35; 1.99
22; 69; 0; 1.87
8; 88; 0; 1.96
37; 20; 40; 2.06
42; 8; 40; 2.08
27; 52; 1; 1.94
18; 46; 40; 2.18
58; 27; 0; 1.57
3; 88; 14; 2.06
13; 68; 39; 2.06
47; 8; 36; 1.98
8; 89; 0; 1.95
52; 18; 0; 1.78
32; 38; 33; 1.98
22; 70; 0; 1.86
37; 21; 40; 2.05
58; 28; 0; 1.56
18; 47; 40; 2.17
42; 9; 40; 2.07
27; 53; 0; 1.93
3; 89; 11; 2.05
58; 29; 0; 1.55
13; 69; 39; 2.05
8; 90; 0; 1.94
52; 19; 0; 1.77
22; 71; 0; 1.85
47; 9; 36; 1.97
37; 22; 40; 2.04
18; 48; 40; 2.16
32; 39; 24; 1.97
42; 10; 40; 2.06
58; 30; 0; 1.54
27; 54; 0; 1.92
3; 90; 4; 2.04
8; 91; 0; 1.93
13; 70; 31; 2.04
18; 49; 40; 2.15
22; 72; 0; 1.84
52; 20; 0; 1.76
58; 31; 0; 1.53
37; 23; 40; 2.03
47; 10; 31; 1.96
42; 11; 40; 2.05
32; 40; 16; 1.96
3; 91; 0; 2.03
27; 55; 0; 1.91
8; 92; 0; 1.92
18; 50; 40; 2.14
58; 32; 0; 1.52
13; 71; 26; 2.03
22; 73; 0; 1.83
52; 21; 0; 1.75
3; 92; 0; 2.02
37; 24; 40; 2.02
42; 12; 40; 2.04
32; 41; 11; 1.95
27; 56; 0; 1.9
58; 33; 0; 1.51
9; 62; 40; 2.2
18; 51; 40; 2.13
47; 11; 32; 1.95
3; 93; 0; 2.01
13; 72; 8; 2.02
22; 74; 0; 1.82
52; 22; 0; 1.74
58; 34; 0; 1.5
37; 25; 40; 2.01
42; 13; 40; 2.03
9; 63; 40; 2.19
18; 52; 40; 2.12
27; 57; 0; 1.89
32; 42; 5; 1.94
3; 94; 0; 2
22; 75; 0; 1.81
47; 12; 21; 1.94
58; 35; 0; 1.49
13; 73; 7; 2.01
18; 53; 40; 2.11
52; 23; 0; 1.73
37; 26; 39; 2
9; 64; 40; 2.18
3; 95; 0; 1.99
42; 14; 39; 2.02
27; 58; 0; 1.88
58; 36; 0; 1.48
32; 43; 2; 1.93
18; 54; 40; 2.1
22; 76; 0; 1.8
13; 74; 5; 2
47; 13; 11; 1.93
9; 65; 40; 2.17
37; 27; 40; 1.99
52; 24; 0; 1.72
58; 37; 0; 1.47
3; 96; 0; 1.98
22; 77; 0; 1.79
27; 59; 0; 1.87
18; 55; 40; 2.09
42; 15; 40; 2.01
13; 75; 0; 1.99
32; 44; 0; 1.92
47; 14; 7; 1.92
58; 38; 0; 1.46
9; 66; 40; 2.16
3; 97; 0; 1.97
22; 78; 0; 1.78
52; 25; 0; 1.71
27; 60; 0; 1.86
37; 28; 37; 1.98
18; 56; 40; 2.08
42; 16; 40; 2
13; 76; 0; 1.98
58; 39; 0; 1.45
32; 45; 0; 1.91
9; 67; 40; 2.15
4; 72; 40; 2.2
47; 15; 6; 1.91
23; 34; 40; 2.2
27; 61; 0; 1.85
13; 77; 0; 1.97
42; 17; 38; 1.99
52; 26; 0; 1.7
58; 40; 0; 1.44
18; 57; 40; 2.07
37; 29; 31; 1.97
9; 68; 40; 2.14
32; 46; 0; 1.9
4; 73; 40; 2.19
23; 35; 40; 2.19
47; 16; 4; 1.9
58; 41; 0; 1.43
27; 62; 0; 1.84
13; 78; 0; 1.96
9; 69; 40; 2.13
37; 30; 32; 1.96
42; 18; 38; 1.98
18; 58; 40; 2.06
52; 27; 0; 1.69
4; 74; 40; 2.18
23; 36; 40; 2.18
32; 47; 0; 1.89
58; 42; 0; 1.42
13; 79; 0; 1.95
27; 63; 0; 1.83
9; 70; 40; 2.12
59; 0; 0; 1.82
47; 17; 0; 1.89
4; 75; 40; 2.17
23; 37; 40; 2.17
37; 31; 24; 1.95
32; 48; 0; 1.88
18; 59; 40; 2.05
42; 19; 36; 1.97
59; 1; 0; 1.81
52; 28; 0; 1.68
59; 2; 0; 1.8
13; 80; 0; 1.94
9; 71; 40; 2.11
27; 64; 0; 1.82
4; 76; 40; 2.16
23; 38; 40; 2.16
59; 3; 0; 1.79
32; 49; 0; 1.87
47; 18; 0; 1.88
37; 32; 12; 1.94
59; 4; 0; 1.78
18; 60; 38; 2.04
42; 20; 36; 1.96
13; 81; 0; 1.93
52; 29; 0; 1.67
59; 5; 0; 1.77
27; 65; 0; 1.81
9; 72; 40; 2.1
4; 77; 40; 2.15
23; 39; 40; 2.15
59; 6; 0; 1.76
32; 50; 0; 1.86
37; 33; 6; 1.93
47; 19; 0; 1.87
59; 7; 0; 1.75
27; 66; 0; 1.8
13; 82; 0; 1.92
18; 61; 39; 2.03
4; 78; 40; 2.14
52; 30; 0; 1.66
9; 73; 40; 2.09
23; 40; 40; 2.14
59; 8; 0; 1.74
42; 21; 29; 1.95
59; 9; 0; 1.73
37; 34; 1; 1.92
32; 51; 0; 1.85
27; 67; 0; 1.79
13; 83; 0; 1.91
4; 79; 40; 2.13
47; 20; 0; 1.86
9; 74; 39; 2.08
59; 10; 0; 1.72
52; 31; 0; 1.65
23; 41; 40; 2.13
18; 62; 32; 2.02
59; 11; 0; 1.71
42; 22; 22; 1.94
4; 80; 40; 2.12
27; 68; 0; 1.78
32; 52; 0; 1.84
13; 84; 0; 1.9
37; 35; 1; 1.91
59; 12; 0; 1.7
9; 75; 39; 2.07
23; 42; 40; 2.12
52; 32; 0; 1.64
18; 63; 22; 2.01
47; 21; 0; 1.85
59; 13; 0; 1.69
4; 81; 40; 2.11
59; 14; 0; 1.68
13; 85; 0; 1.89
27; 69; 0; 1.77
37; 36; 0; 1.9
32; 53; 0; 1.83
42; 23; 21; 1.93
9; 76; 36; 2.06
23; 43; 40; 2.11
18; 64; 16; 2
59; 15; 0; 1.67
52; 33; 0; 1.63
47; 22; 0; 1.84
59; 16; 0; 1.66
13; 86; 0; 1.88
37; 37; 0; 1.89
4; 82; 39; 2.1
27; 70; 0; 1.76
32; 54; 0; 1.82
23; 44; 40; 2.1
59; 17; 0; 1.65
42; 24; 7; 1.92
18; 65; 6; 1.99
9; 77; 33; 2.05
59; 18; 0; 1.64
52; 34; 0; 1.62
13; 87; 0; 1.87
47; 23; 0; 1.83
23; 45; 40; 2.09
27; 71; 0; 1.75
4; 83; 40; 2.09
37; 38; 0; 1.88
59; 19; 0; 1.63
32; 55; 0; 1.81
42; 25; 3; 1.91
18; 66; 1; 1.98
9; 78; 26; 2.04
14; 52; 40; 2.2
59; 20; 0; 1.62
52; 35; 0; 1.61
23; 46; 40; 2.08
27; 72; 0; 1.74
47; 24; 0; 1.82
59; 21; 0; 1.61
42; 26; 2; 1.9
4; 84; 37; 2.08
37; 39; 0; 1.87
18; 67; 0; 1.97
32; 56; 0; 1.8
14; 53; 40; 2.19
9; 79; 8; 2.03
59; 22; 0; 1.6
23; 47; 40; 2.07
4; 85; 31; 2.07
52; 36; 0; 1.6
27; 73; 0; 1.73
59; 23; 0; 1.59
18; 68; 0; 1.96
37; 40; 0; 1.86
14; 54; 40; 2.18
47; 25; 0; 1.81
42; 27; 0; 1.89
9; 80; 2; 2.02
23; 48; 40; 2.06
32; 57; 0; 1.79
59; 24; 0; 1.58
28; 24; 40; 2.2
4; 86; 23; 2.06
14; 55; 40; 2.17
18; 69; 0; 1.95
52; 37; 0; 1.59
59; 25; 0; 1.57
37; 41; 0; 1.85
9; 81; 0; 2.01
32; 58; 0; 1.78
42; 28; 0; 1.88
23; 49; 40; 2.05
59; 26; 0; 1.56
47; 26; 0; 1.8
28; 25; 40; 2.19
14; 56; 40; 2.16
18; 70; 0; 1.94
4; 87; 7; 2.05
59; 27; 0; 1.55
37; 42; 0; 1.84
9; 82; 0; 2
52; 38; 0; 1.58
32; 59; 0; 1.77
59; 28; 0; 1.54
23; 50; 39; 2.04
28; 26; 40; 2.18
42; 29; 0; 1.87
14; 57; 40; 2.15
4; 88; 4; 2.04
47; 27; 0; 1.79
18; 71; 0; 1.93
59; 29; 0; 1.53
9; 83; 0; 1.99
37; 43; 0; 1.83
23; 51; 40; 2.03
52; 39; 0; 1.57
28; 27; 40; 2.17
59; 30; 0; 1.52
32; 60; 0; 1.76
14; 58; 40; 2.14
4; 89; 0; 2.03
42; 30; 0; 1.86
18; 72; 0; 1.92
9; 84; 0; 1.98
59; 31; 0; 1.51
47; 28; 0; 1.78
23; 52; 39; 2.02
28; 28; 40; 2.16
37; 44; 0; 1.82
52; 40; 0; 1.56
14; 59; 40; 2.13
32; 61; 0; 1.75
9; 85; 0; 1.97
59; 32; 0; 1.5
18; 73; 0; 1.91
4; 90; 0; 2.02
42; 31; 0; 1.85
47; 29; 0; 1.77
28; 29; 40; 2.15
14; 60; 40; 2.12
59; 33; 0; 1.49
23; 53; 37; 2.01
37; 45; 0; 1.81
32; 62; 0; 1.74
9; 86; 0; 1.96
52; 41; 0; 1.55
18; 74; 0; 1.9
4; 91; 0; 2.01
59; 34; 0; 1.48
42; 32; 0; 1.84
14; 61; 40; 2.11
28; 30; 40; 2.14
47; 30; 0; 1.76
32; 63; 0; 1.73
4; 92; 0; 2
23; 54; 25; 2
9; 87; 0; 1.95
59; 35; 0; 1.47
37; 46; 0; 1.8
18; 75; 0; 1.89
52; 42; 0; 1.54
28; 31; 40; 2.13
14; 62; 40; 2.1
47; 31; 0; 1.75
59; 36; 0; 1.46
42; 33; 0; 1.83
4; 93; 0; 1.99
32; 64; 0; 1.72
23; 55; 16; 1.99
18; 76; 0; 1.88
28; 32; 40; 2.12
9; 88; 0; 1.94
37; 47; 0; 1.79
59; 37; 0; 1.45
52; 43; 0; 1.53
14; 63; 40; 2.09
23; 56; 13; 1.98
4; 94; 0; 1.98
28; 33; 40; 2.11
32; 65; 0; 1.71
59; 38; 0; 1.44
47; 32; 0; 1.74
18; 77; 0; 1.87
9; 89; 0; 1.93
42; 34; 0; 1.82
37; 48; 0; 1.78
23; 57; 7; 1.97
52; 44; 0; 1.52
28; 34; 40; 2.1
32; 66; 0; 1.7
14; 64; 40; 2.08
4; 95; 0; 1.97
59; 39; 0; 1.43
9; 90; 0; 1.92
18; 78; 0; 1.86
59; 40; 0; 1.42
47; 33; 0; 1.73
42; 35; 0; 1.81
23; 58; 1; 1.96
37; 49; 0; 1.77
4; 96; 0; 1.96
52; 45; 0; 1.51
14; 65; 38; 2.07
28; 35; 40; 2.09
32; 67; 0; 1.69
18; 79; 0; 1.85
59; 41; 0; 1.41
9; 91; 0; 1.91
60; 0; 0; 1.8
5; 70; 40; 2.2
47; 34; 0; 1.72
60; 1; 0; 1.79
52; 46; 0; 1.5
23; 59; 0; 1.95
42; 36; 0; 1.8
28; 36; 40; 2.08
10; 60; 40; 2.2
18; 80; 0; 1.84
37; 50; 0; 1.76
32; 68; 0; 1.68
14; 66; 38; 2.06
60; 2; 0; 1.78
5; 71; 40; 2.19
60; 3; 0; 1.77
28; 37; 40; 2.07
10; 61; 40; 2.19
18; 81; 0; 1.83
52; 47; 0; 1.49
23; 60; 0; 1.94
33; 14; 40; 2.2
60; 4; 0; 1.76
47; 35; 0; 1.71
42; 37; 0; 1.79
14; 67; 39; 2.05
37; 51; 0; 1.75
60; 5; 0; 1.75
10; 62; 40; 2.18
5; 72; 40; 2.18
60; 6; 0; 1.74
28; 38; 39; 2.06
33; 15; 40; 2.19
52; 48; 0; 1.48
18; 82; 0; 1.82
23; 61; 0; 1.93
10; 63; 40; 2.17
60; 7; 0; 1.73
14; 68; 32; 2.04
47; 36; 0; 1.7
37; 52; 0; 1.74
42; 38; 0; 1.78
53; 0; 0; 1.94
5; 73; 40; 2.17
60; 8; 0; 1.72
33; 16; 40; 2.18
19; 42; 40; 2.2
10; 64; 40; 2.16
60; 9; 0; 1.71
28; 39; 40; 2.05
23; 62; 0; 1.92
19; 43; 40; 2.19
53; 1; 0; 1.93
60; 10; 0; 1.7
14; 69; 30; 2.03
5; 74; 40; 2.16
33; 17; 40; 2.17
37; 53; 0; 1.73
42; 39; 0; 1.77
47; 37; 0; 1.69
60; 11; 0; 1.69
23; 63; 0; 1.91
10; 65; 40; 2.15
28; 40; 40; 2.04
60; 12; 0; 1.68
19; 44; 40; 2.18
53; 2; 0; 1.92
33; 18; 40; 2.16
60; 13; 0; 1.67
5; 75; 40; 2.15
23; 64; 0; 1.9
14; 70; 21; 2.02
60; 14; 0; 1.66
53; 3; 1; 1.91
10; 66; 40; 2.14
37; 54; 0; 1.72
42; 40; 0; 1.76
47; 38; 0; 1.68
33; 19; 40; 2.15
19; 45; 40; 2.17
28; 41; 40; 2.03
60; 15; 0; 1.65
5; 76; 40; 2.14
14; 71; 10; 2.01
60; 16; 0; 1.64
23; 65; 0; 1.89
10; 67; 40; 2.13
53; 4; 0; 1.9
33; 20; 40; 2.14
19; 46; 40; 2.16
47; 39; 0; 1.67
37; 55; 0; 1.71
60; 17; 0; 1.63
28; 42; 35; 2.02
42; 41; 0; 1.75
60; 18; 0; 1.62
5; 77; 40; 2.13
53; 5; 0; 1.89
23; 66; 0; 1.88
14; 72; 2; 2
33; 21; 40; 2.13
10; 68; 40; 2.12
19; 47; 40; 2.15
60; 19; 0; 1.61
47; 40; 0; 1.66
37; 56; 0; 1.7
28; 43; 38; 2.01
60; 20; 0; 1.6
5; 78; 40; 2.12
42; 42; 0; 1.74
53; 6; 0; 1.88
23; 67; 0; 1.87
14; 73; 2; 1.99
19; 48; 40; 2.14
33; 22; 40; 2.12
10; 69; 40; 2.11
60; 21; 0; 1.59
37; 57; 0; 1.69
47; 41; 0; 1.65
28; 44; 37; 2
60; 22; 0; 1.58
5; 79; 39; 2.11
53; 7; 0; 1.87
19; 49; 40; 2.13
23; 68; 0; 1.86
14; 74; 0; 1.98
33; 23; 40; 2.11
42; 43; 0; 1.73
60; 23; 0; 1.57
10; 70; 40; 2.1
37; 58; 0; 1.68
60; 24; 0; 1.56
47; 42; 0; 1.64
19; 50; 40; 2.12
53; 8; 0; 1.86
28; 45; 34; 1.99
5; 80; 40; 2.1
14; 75; 0; 1.97
23; 69; 0; 1.85
10; 71; 40; 2.09
33; 24; 40; 2.1
60; 25; 0; 1.55
42; 44; 0; 1.72
37; 59; 0; 1.67
60; 26; 0; 1.54
53; 9; 0; 1.85
19; 51; 40; 2.11
47; 43; 0; 1.63
5; 81; 40; 2.09
14; 76; 0; 1.96
23; 70; 0; 1.84
33; 25; 40; 2.09
28; 46; 26; 1.98
60; 27; 0; 1.53
10; 72; 40; 2.08
42; 45; 0; 1.71
37; 60; 0; 1.66
60; 28; 0; 1.52
53; 10; 0; 1.84
19; 52; 40; 2.1
14; 77; 0; 1.95
5; 82; 38; 2.08
23; 71; 0; 1.83
33; 26; 40; 2.08
47; 44; 0; 1.62
28; 47; 14; 1.97
10; 73; 40; 2.07
60; 29; 0; 1.51
53; 11; 0; 1.83
42; 46; 0; 1.7
37; 61; 0; 1.65
60; 30; 0; 1.5
19; 53; 40; 2.09
23; 72; 0; 1.82
14; 78; 0; 1.94
5; 83; 31; 2.07
33; 27; 40; 2.07
47; 45; 0; 1.61
60; 31; 0; 1.49
10; 74; 35; 2.06
28; 48; 11; 1.96
53; 12; 0; 1.82
37; 62; 0; 1.64
23; 73; 0; 1.81
42; 47; 0; 1.69
19; 54; 40; 2.08
60; 32; 0; 1.48
14; 79; 0; 1.93
5; 84; 22; 2.06
47; 46; 0; 1.6
33; 28; 40; 2.06
10; 75; 34; 2.05
53; 13; 0; 1.81
60; 33; 0; 1.47
28; 49; 5; 1.95
23; 74; 0; 1.8
37; 63; 0; 1.63
19; 55; 39; 2.07
42; 48; 0; 1.68
5; 85; 9; 2.05
60; 34; 0; 1.46
14; 80; 0; 1.92
33; 29; 40; 2.05
53; 14; 0; 1.8
47; 47; 0; 1.59
28; 50; 2; 1.94
10; 76; 24; 2.04
38; 4; 40; 2.2
60; 35; 0; 1.45
23; 75; 0; 1.79
19; 56; 40; 2.06
5; 86; 8; 2.04
42; 49; 0; 1.67
14; 81; 0; 1.91
53; 15; 0; 1.79
33; 30; 40; 2.04
60; 36; 0; 1.44
10; 77; 10; 2.03
28; 51; 0; 1.93
38; 5; 40; 2.19
47; 48; 0; 1.58
23; 76; 0; 1.78
5; 87; 1; 2.03
60; 37; 0; 1.43
19; 57; 40; 2.05
14; 82; 0; 1.9
42; 50; 0; 1.66
53; 16; 0; 1.78
33; 31; 40; 2.03
10; 78; 4; 2.02
38; 6; 40; 2.18
60; 38; 0; 1.42
28; 52; 0; 1.92
23; 77; 0; 1.77
47; 49; 0; 1.57
5; 88; 1; 2.02
14; 83; 0; 1.89
19; 58; 39; 2.04
53; 17; 0; 1.77
38; 7; 40; 2.17
60; 39; 0; 1.41
42; 51; 0; 1.65
33; 32; 40; 2.02
10; 79; 4; 2.01
24; 32; 40; 2.2
28; 53; 0; 1.91
5; 89; 0; 2.01
47; 50; 0; 1.56
14; 84; 0; 1.88
60; 40; 0; 1.4
38; 8; 40; 2.16
19; 59; 34; 2.03
53; 18; 0; 1.76
24; 33; 40; 2.19
42; 52; 0; 1.64
10; 80; 0; 2
33; 33; 40; 2.01
5; 90; 0; 2
28; 54; 0; 1.9
47; 51; 0; 1.55
14; 85; 0; 1.87
38; 9; 40; 2.15
24; 34; 40; 2.18
53; 19; 0; 1.75
19; 60; 31; 2.02
10; 81; 0; 1.99
42; 53; 0; 1.63
5; 91; 0; 1.99
33; 34; 39; 2
14; 86; 0; 1.86
38; 10; 40; 2.14
28; 55; 0; 1.89
47; 52; 0; 1.54
24; 35; 40; 2.17
10; 82; 0; 1.98
53; 20; 0; 1.74
42; 54; 0; 1.62
5; 92; 0; 1.98
19; 61; 28; 2.01
15; 50; 40; 2.2
38; 11; 40; 2.13
33; 35; 37; 1.99
28; 56; 0; 1.88
24; 36; 40; 2.16
47; 53; 0; 1.53
10; 83; 0; 1.97
53; 21; 0; 1.73
5; 93; 0; 1.97
19; 62; 16; 2
15; 51; 40; 2.19
42; 55; 0; 1.61
38; 12; 40; 2.12
24; 37; 40; 2.15
48; 0; 37; 2.04
33; 36; 37; 1.98
28; 57; 0; 1.87
10; 84; 0; 1.96
5; 94; 0; 1.96
15; 52; 40; 2.18
53; 22; 0; 1.72
38; 13; 40; 2.11
42; 56; 0; 1.6
19; 63; 7; 1.99
24; 38; 40; 2.14
48; 1; 39; 2.03
10; 85; 0; 1.95
28; 58; 0; 1.86
5; 95; 0; 1.95
15; 53; 40; 2.17
33; 37; 31; 1.97
38; 14; 40; 2.1
53; 23; 0; 1.71
42; 57; 0; 1.59
19; 64; 3; 1.98
24; 39; 40; 2.13
10; 86; 0; 1.94
15; 54; 40; 2.16
48; 2; 40; 2.02
28; 59; 0; 1.85
33; 38; 22; 1.96
38; 15; 40; 2.09
19; 65; 1; 1.97
42; 58; 0; 1.58
53; 24; 0; 1.7
24; 40; 40; 2.12
10; 87; 0; 1.93
15; 55; 40; 2.15
28; 60; 0; 1.84
43; 0; 40; 2.14
19; 66; 0; 1.96
38; 16; 40; 2.08
24; 41; 40; 2.11
48; 3; 38; 2.01
33; 39; 17; 1.95
53; 25; 0; 1.69
15; 56; 40; 2.14
10; 88; 0; 1.92
43; 1; 40; 2.13
19; 67; 0; 1.95
38; 17; 40; 2.07
28; 61; 0; 1.83
24; 42; 40; 2.1
53; 26; 0; 1.68
15; 57; 40; 2.13
33; 40; 3; 1.94
10; 89; 0; 1.91
48; 4; 39; 2
19; 68; 0; 1.94
43; 2; 40; 2.12
28; 62; 0; 1.82
24; 43; 40; 2.09
15; 58; 40; 2.12
38; 18; 40; 2.06
10; 90; 0; 1.9
53; 27; 0; 1.67
33; 41; 3; 1.93
48; 5; 35; 1.99
43; 3; 40; 2.11
19; 69; 0; 1.93
24; 44; 40; 2.08
15; 59; 40; 2.11
28; 63; 0; 1.81
38; 19; 40; 2.05
53; 28; 0; 1.66
33; 42; 0; 1.92
43; 4; 40; 2.1
48; 6; 34; 1.98
15; 60; 40; 2.1
19; 70; 0; 1.92
28; 64; 0; 1.8
24; 45; 40; 2.07
38; 20; 40; 2.04
53; 29; 0; 1.65
33; 43; 1; 1.91
43; 5; 40; 2.09
19; 71; 0; 1.91
15; 61; 40; 2.09
28; 65; 0; 1.79
48; 7; 34; 1.97
24; 46; 40; 2.06
38; 21; 40; 2.03
53; 30; 0; 1.64
33; 44; 0; 1.9
43; 6; 40; 2.08
19; 72; 0; 1.9
15; 62; 40; 2.08
28; 66; 0; 1.78
24; 47; 40; 2.05
48; 8; 32; 1.96
38; 22; 40; 2.02
53; 31; 0; 1.63
43; 7; 39; 2.07
19; 73; 0; 1.89
33; 45; 0; 1.89
15; 63; 40; 2.07
28; 67; 0; 1.77
24; 48; 39; 2.04
38; 23; 40; 2.01
53; 32; 0; 1.62
48; 9; 27; 1.95
43; 8; 40; 2.06
19; 74; 0; 1.88
33; 46; 0; 1.88
28; 68; 0; 1.76
15; 64; 40; 2.06
24; 49; 39; 2.03
53; 33; 0; 1.61
38; 24; 39; 2
19; 75; 0; 1.87
43; 9; 40; 2.05
48; 10; 19; 1.94
28; 69; 0; 1.75
33; 47; 0; 1.87
15; 65; 38; 2.05
24; 50; 38; 2.02
53; 34; 0; 1.6
19; 76; 0; 1.86
43; 10; 40; 2.04
38; 25; 40; 1.99
48; 11; 7; 1.93
28; 70; 0; 1.74
33; 48; 0; 1.86
15; 66; 37; 2.04
24; 51; 35; 2.01
19; 77; 0; 1.85
53; 35; 0; 1.59
43; 11; 40; 2.03
28; 71; 0; 1.73
38; 26; 39; 1.98
48; 12; 6; 1.92
33; 49; 0; 1.85
15; 67; 27; 2.03
19; 78; 0; 1.84
53; 36; 0; 1.58
24; 52; 30; 2
43; 12; 40; 2.02
28; 72; 0; 1.72
38; 27; 39; 1.97
33; 50; 0; 1.84
15; 68; 26; 2.02
48; 13; 10; 1.91
19; 79; 0; 1.83
53; 37; 0; 1.57
24; 53; 25; 1.99
29; 22; 40; 2.2
43; 13; 40; 2.01
19; 80; 0; 1.82
33; 51; 0; 1.83
15; 69; 17; 2.01
38; 28; 37; 1.96
29; 23; 40; 2.19
48; 14; 2; 1.9
53; 38; 0; 1.56
24; 54; 19; 1.98
43; 14; 40; 2
19; 81; 0; 1.81
29; 24; 40; 2.18
15; 70; 6; 2
33; 52; 0; 1.82
38; 29; 24; 1.95
53; 39; 0; 1.55
48; 15; 1; 1.89
24; 55; 3; 1.97
20; 40; 40; 2.2
43; 15; 40; 1.99
29; 25; 40; 2.17
15; 71; 0; 1.99
33; 53; 0; 1.81
53; 40; 0; 1.54
24; 56; 0; 1.96
20; 41; 40; 2.19
38; 30; 21; 1.94
48; 16; 0; 1.88
29; 26; 40; 2.16
15; 72; 0; 1.98
43; 16; 38; 1.98
33; 54; 0; 1.8
53; 41; 0; 1.53
20; 42; 40; 2.18
29; 27; 40; 2.15
24; 57; 3; 1.95
38; 31; 5; 1.93
15; 73; 0; 1.97
48; 17; 0; 1.87
43; 17; 38; 1.97
20; 43; 40; 2.17
33; 55; 0; 1.79
29; 28; 40; 2.14
53; 42; 0; 1.52
24; 58; 0; 1.94
15; 74; 0; 1.96
38; 32; 2; 1.92
48; 18; 0; 1.86
20; 44; 40; 2.16
29; 29; 40; 2.13
33; 56; 0; 1.78
43; 18; 34; 1.96
53; 43; 0; 1.51
24; 59; 0; 1.93
15; 75; 0; 1.95
20; 45; 40; 2.15
38; 33; 2; 1.91
48; 19; 0; 1.85
29; 30; 40; 2.12
33; 57; 0; 1.77
53; 44; 0; 1.5
15; 76; 0; 1.94
24; 60; 0; 1.92
43; 19; 30; 1.95
20; 46; 40; 2.14
38; 34; 0; 1.9
29; 31; 40; 2.11
48; 20; 0; 1.84
15; 77; 0; 1.93
53; 45; 0; 1.49
33; 58; 0; 1.76
20; 47; 40; 2.13
24; 61; 0; 1.91
29; 32; 40; 2.1
43; 20; 30; 1.94
38; 35; 0; 1.89
15; 78; 0; 1.92
53; 46; 0; 1.48
20; 48; 40; 2.12
33; 59; 0; 1.75
48; 21; 0; 1.83
24; 62; 0; 1.9
29; 33; 40; 2.09
38; 36; 0; 1.88
15; 79; 0; 1.91
20; 49; 40; 2.11
43; 21; 19; 1.93
53; 47; 0; 1.47
24; 63; 0; 1.89
33; 60; 0; 1.74
48; 22; 0; 1.82
29; 34; 40; 2.08
54; 0; 0; 1.92
15; 80; 0; 1.9
20; 50; 40; 2.1
38; 37; 0; 1.87
43; 22; 7; 1.92
24; 64; 0; 1.88
33; 61; 0; 1.73
54; 1; 0; 1.91
29; 35; 39; 2.07
48; 23; 0; 1.81
15; 81; 0; 1.89
20; 51; 39; 2.09
38; 38; 0; 1.86
54; 2; 0; 1.9
33; 62; 0; 1.72
43; 23; 3; 1.91
24; 65; 0; 1.87
29; 36; 40; 2.06
15; 82; 0; 1.88
48; 24; 0; 1.8
20; 52; 40; 2.08
54; 3; 0; 1.89
38; 39; 0; 1.85
33; 63; 0; 1.71
24; 66; 0; 1.86
43; 24; 2; 1.9
29; 37; 40; 2.05
54; 4; 0; 1.88
15; 83; 0; 1.87
20; 53; 40; 2.07
48; 25; 0; 1.79
54; 5; 0; 1.87
33; 64; 0; 1.7
38; 40; 0; 1.84
24; 67; 0; 1.85
15; 84; 0; 1.86
29; 38; 40; 2.04
20; 54; 40; 2.06
43; 25; 1; 1.89
54; 6; 0; 1.86
48; 26; 0; 1.78
33; 65; 0; 1.69
24; 68; 0; 1.84
38; 41; 0; 1.83
15; 85; 0; 1.85
54; 7; 0; 1.85
29; 39; 40; 2.03
20; 55; 40; 2.05
43; 26; 0; 1.88
33; 66; 0; 1.68
48; 27; 0; 1.77
54; 8; 0; 1.84
24; 69; 0; 1.83
38; 42; 0; 1.82
29; 40; 40; 2.02
20; 56; 37; 2.04
43; 27; 0; 1.87
54; 9; 0; 1.83
33; 67; 0; 1.67
24; 70; 0; 1.82
48; 28; 0; 1.76
38; 43; 0; 1.81
29; 41; 40; 2.01
54; 10; 0; 1.82
20; 57; 36; 2.03
34; 12; 40; 2.2
43; 28; 0; 1.86
24; 71; 0; 1.81
54; 11; 0; 1.81
48; 29; 0; 1.75
38; 44; 0; 1.8
34; 13; 40; 2.19
29; 42; 36; 2
20; 58; 35; 2.02
54; 12; 0; 1.8
43; 29; 0; 1.85
24; 72; 0; 1.8
34; 14; 40; 2.18
38; 45; 0; 1.79
48; 30; 0; 1.74
54; 13; 0; 1.79
20; 59; 31; 2.01
29; 43; 36; 1.99
24; 73; 0; 1.79
43; 30; 0; 1.84
34; 15; 40; 2.17
54; 14; 0; 1.78
38; 46; 0; 1.78
20; 60; 21; 2
48; 31; 0; 1.73
29; 44; 25; 1.98
24; 74; 0; 1.78
34; 16; 40; 2.16
43; 31; 0; 1.83
54; 15; 0; 1.77
38; 47; 0; 1.77
34; 17; 40; 2.15
20; 61; 10; 1.99
24; 75; 0; 1.77
29; 45; 20; 1.97
48; 32; 0; 1.72
54; 16; 0; 1.76
43; 32; 0; 1.82
34; 18; 40; 2.14
24; 76; 0; 1.76
38; 48; 0; 1.76
20; 62; 2; 1.98
54; 17; 0; 1.75
29; 46; 6; 1.96
48; 33; 0; 1.71
43; 33; 0; 1.81
34; 19; 40; 2.13
25; 30; 40; 2.2
54; 18; 0; 1.74
20; 63; 2; 1.97
38; 49; 0; 1.75
29; 47; 6; 1.95
25; 31; 40; 2.19
48; 34; 0; 1.7
34; 20; 40; 2.12
54; 19; 0; 1.73
43; 34; 0; 1.8
20; 64; 0; 1.96
38; 50; 0; 1.74
29; 48; 0; 1.94
25; 32; 40; 2.18
34; 21; 40; 2.11
54; 20; 0; 1.72
48; 35; 0; 1.69
20; 65; 0; 1.95
43; 35; 0; 1.79
38; 51; 0; 1.73
25; 33; 40; 2.17
34; 22; 40; 2.1
54; 21; 0; 1.71
29; 49; 0; 1.93
20; 66; 0; 1.94
48; 36; 0; 1.68
25; 34; 40; 2.16
43; 36; 0; 1.78
38; 52; 0; 1.72
34; 23; 40; 2.09
54; 22; 0; 1.7
29; 50; 0; 1.92
20; 67; 0; 1.93
25; 35; 40; 2.15
48; 37; 0; 1.67
34; 24; 40; 2.08
43; 37; 0; 1.77
38; 53; 0; 1.71
54; 23; 0; 1.69
29; 51; 0; 1.91
25; 36; 40; 2.14
20; 68; 0; 1.92
54; 24; 0; 1.68
34; 25; 40; 2.07
38; 54; 0; 1.7
48; 38; 0; 1.66
43; 38; 0; 1.76
25; 37; 40; 2.13
29; 52; 0; 1.9
20; 69; 0; 1.91
54; 25; 0; 1.67
34; 26; 40; 2.06
38; 55; 0; 1.69
48; 39; 0; 1.65
25; 38; 40; 2.12
43; 39; 0; 1.75
20; 70; 0; 1.9
29; 53; 0; 1.89
54; 26; 0; 1.66
34; 27; 40; 2.05
38; 56; 0; 1.68
25; 39; 40; 2.11
20; 71; 0; 1.89
48; 40; 0; 1.64
43; 40; 0; 1.74
29; 54; 0; 1.88
54; 27; 0; 1.65
34; 28; 39; 2.04
25; 40; 40; 2.1
38; 57; 0; 1.67
20; 72; 0; 1.88
48; 41; 0; 1.63
29; 55; 0; 1.87
43; 41; 0; 1.73
54; 28; 0; 1.64
34; 29; 40; 2.03
25; 41; 40; 2.09
20; 73; 0; 1.87
38; 58; 0; 1.66
29; 56; 0; 1.86
48; 42; 0; 1.62
54; 29; 0; 1.63
43; 42; 0; 1.72
34; 30; 40; 2.02
25; 42; 40; 2.08
20; 74; 0; 1.86
38; 59; 0; 1.65
54; 30; 0; 1.62
29; 57; 0; 1.85
48; 43; 0; 1.61
43; 43; 0; 1.71
34; 31; 40; 2.01
25; 43; 40; 2.07
20; 75; 0; 1.85
38; 60; 0; 1.64
54; 31; 0; 1.61
29; 58; 0; 1.84
48; 44; 0; 1.6
25; 44; 40; 2.06
34; 32; 39; 2
20; 76; 0; 1.84
43; 44; 0; 1.7
38; 61; 0; 1.63
54; 32; 0; 1.6
29; 59; 0; 1.83
25; 45; 40; 2.05
48; 45; 0; 1.59
20; 77; 0; 1.83
34; 33; 38; 1.99
43; 45; 0; 1.69
38; 62; 0; 1.62
54; 33; 0; 1.59
29; 60; 0; 1.82
25; 46; 40; 2.04
20; 78; 0; 1.82
48; 46; 0; 1.58
39; 2; 40; 2.2
34; 34; 35; 1.98
43; 46; 0; 1.68
54; 34; 0; 1.58
29; 61; 0; 1.81
20; 79; 0; 1.81
39; 3; 40; 2.19
25; 47; 40; 2.03
48; 47; 0; 1.57
34; 35; 35; 1.97
43; 47; 0; 1.67
54; 35; 0; 1.57
39; 4; 40; 2.18
20; 80; 0; 1.8
29; 62; 0; 1.8
25; 48; 38; 2.02
48; 48; 0; 1.56
54; 36; 0; 1.56
43; 48; 0; 1.66
34; 36; 24; 1.96
39; 5; 40; 2.17
29; 63; 0; 1.79
48; 49; 0; 1.55
25; 49; 36; 2.01
39; 6; 40; 2.16
54; 37; 0; 1.55
43; 49; 0; 1.65
34; 37; 17; 1.95
29; 64; 0; 1.78
48; 50; 0; 1.54
25; 50; 33; 2
39; 7; 40; 2.15
54; 38; 0; 1.54
43; 50; 0; 1.64
29; 65; 0; 1.77
34; 38; 10; 1.94
48; 51; 0; 1.53
39; 8; 40; 2.14
25; 51; 24; 1.99
54; 39; 0; 1.53
29; 66; 0; 1.76
43; 51; 0; 1.63
34; 39; 5; 1.93
39; 9; 40; 2.13
48; 52; 0; 1.52
25; 52; 19; 1.98
54; 40; 0; 1.52
29; 67; 0; 1.75
43; 52; 0; 1.62
34; 40; 1; 1.92
39; 10; 40; 2.12
49; 0; 37; 2.02
25; 53; 11; 1.97
54; 41; 0; 1.51
29; 68; 0; 1.74
39; 11; 40; 2.11
43; 53; 0; 1.61
34; 41; 0; 1.91
25; 54; 5; 1.96
54; 42; 0; 1.5
49; 1; 36; 2.01
29; 69; 0; 1.73
39; 12; 40; 2.1
43; 54; 0; 1.6
34; 42; 0; 1.9
25; 55; 0; 1.95
54; 43; 0; 1.49
49; 2; 32; 2
39; 13; 40; 2.09
29; 70; 0; 1.72
25; 56; 0; 1.94
43; 55; 0; 1.59
34; 43; 0; 1.89
54; 44; 0; 1.48
29; 71; 0; 1.71
49; 3; 34; 1.99
39; 14; 40; 2.08
25; 57; 0; 1.93
43; 56; 0; 1.58
34; 44; 0; 1.88
54; 45; 0; 1.47
30; 20; 40; 2.2
39; 15; 40; 2.07
49; 4; 31; 1.98
25; 58; 0; 1.92
43; 57; 0; 1.57
54; 46; 0; 1.46
34; 45; 0; 1.87
30; 21; 40; 2.19
39; 16; 40; 2.06
55; 0; 0; 1.9
25; 59; 0; 1.91
44; 0; 40; 2.12
49; 5; 30; 1.97
30; 22; 40; 2.18
55; 1; 0; 1.89
34; 46; 0; 1.86
39; 17; 40; 2.05
55; 2; 0; 1.88
25; 60; 0; 1.9
44; 1; 40; 2.11
30; 23; 40; 2.17
49; 6; 22; 1.96
55; 3; 0; 1.87
34; 47; 0; 1.85
39; 18; 40; 2.04
25; 61; 0; 1.89
55; 4; 0; 1.86
30; 24; 40; 2.16
44; 2; 40; 2.1
55; 5; 0; 1.85
49; 7; 24; 1.95
25; 62; 0; 1.88
34; 48; 0; 1.84
39; 19; 40; 2.03
30; 25; 40; 2.15
55; 6; 0; 1.84
44; 3; 40; 2.09
25; 63; 0; 1.87
55; 7; 0; 1.83
34; 49; 0; 1.83
30; 26; 40; 2.14
49; 8; 17; 1.94
39; 20; 40; 2.02
44; 4; 40; 2.08
55; 8; 0; 1.82
25; 64; 0; 1.86
30; 27; 40; 2.13
34; 50; 0; 1.82
55; 9; 0; 1.81
39; 21; 40; 2.01
44; 5; 40; 2.07
49; 9; 8; 1.93
25; 65; 0; 1.85
55; 10; 0; 1.8
30; 28; 40; 2.12
34; 51; 0; 1.81
55; 11; 0; 1.79
44; 6; 40; 2.06
39; 22; 39; 2
49; 10; 6; 1.92
25; 66; 0; 1.84
30; 29; 40; 2.11
55; 12; 0; 1.78
34; 52; 0; 1.8
25; 67; 0; 1.83
44; 7; 40; 2.05
39; 23; 38; 1.99
55; 13; 0; 1.77
49; 11; 2; 1.91
30; 30; 40; 2.1
34; 53; 0; 1.79
25; 68; 0; 1.82
55; 14; 0; 1.76
44; 8; 40; 2.04
30; 31; 40; 2.09
39; 24; 39; 1.98
49; 12; 0; 1.9
55; 15; 0; 1.75
25; 69; 0; 1.81
34; 54; 0; 1.78
44; 9; 40; 2.03
30; 32; 40; 2.08
55; 16; 0; 1.74
49; 13; 0; 1.89
39; 25; 37; 1.97
25; 70; 0; 1.8
55; 17; 0; 1.73
34; 55; 0; 1.77
30; 33; 40; 2.07
44; 10; 39; 2.02
25; 71; 0; 1.79
55; 18; 0; 1.72
49; 14; 1; 1.88
39; 26; 36; 1.96
34; 56; 0; 1.76
30; 34; 40; 2.06
55; 19; 0; 1.71
44; 11; 40; 2.01
25; 72; 0; 1.78
49; 15; 0; 1.87
34; 57; 0; 1.75
55; 20; 0; 1.7
39; 27; 28; 1.95
30; 35; 40; 2.05
25; 73; 0; 1.77
44; 12; 39; 2
49; 16; 0; 1.86
55; 21; 0; 1.69
34; 58; 0; 1.74
30; 36; 40; 2.04
25; 74; 0; 1.76
39; 28; 22; 1.94
55; 22; 0; 1.68
44; 13; 38; 1.99
49; 17; 0; 1.85
34; 59; 0; 1.73
25; 75; 0; 1.75
30; 37; 40; 2.03
55; 23; 0; 1.67
39; 29; 17; 1.93
44; 14; 39; 1.98
34; 60; 0; 1.72
49; 18; 0; 1.84
55; 24; 0; 1.66
30; 38; 40; 2.02
39; 30; 5; 1.92
34; 61; 0; 1.71
55; 25; 0; 1.65
49; 19; 0; 1.83
44; 15; 36; 1.97
30; 39; 38; 2.01
55; 26; 0; 1.64
34; 62; 0; 1.7
39; 31; 1; 1.91
49; 20; 0; 1.82
44; 16; 36; 1.96
55; 27; 0; 1.63
34; 63; 0; 1.69
30; 40; 40; 2
39; 32; 0; 1.9
49; 21; 0; 1.81
55; 28; 0; 1.62
34; 64; 0; 1.68
44; 17; 25; 1.95
30; 41; 33; 1.99
39; 33; 0; 1.89
55; 29; 0; 1.61
49; 22; 0; 1.8
34; 65; 0; 1.67
44; 18; 19; 1.94
30; 42; 32; 1.98
39; 34; 0; 1.88
55; 30; 0; 1.6
34; 66; 0; 1.66
49; 23; 0; 1.79
35; 10; 40; 2.2
55; 31; 0; 1.59
44; 19; 20; 1.93
30; 43; 20; 1.97
39; 35; 0; 1.87
49; 24; 0; 1.78
35; 11; 40; 2.19
55; 32; 0; 1.58
35; 12; 40; 2.18
44; 20; 9; 1.92
39; 36; 0; 1.86
30; 44; 16; 1.96
49; 25; 0; 1.77
55; 33; 0; 1.57
35; 13; 40; 2.17
30; 45; 8; 1.95
39; 37; 0; 1.85
44; 21; 8; 1.91
49; 26; 0; 1.76
55; 34; 0; 1.56
35; 14; 40; 2.16
35; 15; 40; 2.15
30; 46; 4; 1.94
55; 35; 0; 1.55
39; 38; 0; 1.84
44; 22; 1; 1.9
49; 27; 0; 1.75
35; 16; 40; 2.14
55; 36; 0; 1.54
30; 47; 0; 1.93
49; 28; 0; 1.74
39; 39; 0; 1.83
44; 23; 0; 1.89
35; 17; 40; 2.13
55; 37; 0; 1.53
30; 48; 0; 1.92
35; 18; 40; 2.12
49; 29; 0; 1.73
39; 40; 0; 1.82
44; 24; 0; 1.88
55; 38; 0; 1.52
35; 19; 40; 2.11
30; 49; 0; 1.91
49; 30; 0; 1.72
39; 41; 0; 1.81
44; 25; 0; 1.87
35; 20; 40; 2.1
55; 39; 0; 1.51
30; 50; 0; 1.9
39; 42; 0; 1.8
35; 21; 40; 2.09
49; 31; 0; 1.71
44; 26; 0; 1.86
55; 40; 0; 1.5
30; 51; 0; 1.89
39; 43; 0; 1.79
35; 22; 40; 2.08
30; 52; 0; 1.88
55; 41; 0; 1.49
49; 32; 0; 1.7
44; 27; 0; 1.85
35; 23; 40; 2.07
39; 44; 0; 1.78
30; 53; 0; 1.87
55; 42; 0; 1.48
49; 33; 0; 1.69
44; 28; 0; 1.84
35; 24; 40; 2.06
39; 45; 0; 1.77
30; 54; 0; 1.86
55; 43; 0; 1.47
44; 29; 0; 1.83
49; 34; 0; 1.68
35; 25; 40; 2.05
39; 46; 0; 1.76
30; 55; 0; 1.85
55; 44; 0; 1.46
35; 26; 40; 2.04
44; 30; 0; 1.82
49; 35; 0; 1.67
55; 45; 0; 1.45
39; 47; 0; 1.75
30; 56; 0; 1.84
35; 27; 40; 2.03
30; 57; 0; 1.83
44; 31; 0; 1.81
39; 48; 0; 1.74
49; 36; 0; 1.66
35; 28; 40; 2.02
30; 58; 0; 1.82
39; 49; 0; 1.73
44; 32; 0; 1.8
49; 37; 0; 1.65
35; 29; 40; 2.01
30; 59; 0; 1.81
39; 50; 0; 1.72
44; 33; 0; 1.79
35; 30; 40; 2
49; 38; 0; 1.64
30; 60; 0; 1.8
39; 51; 0; 1.71
35; 31; 38; 1.99
44; 34; 0; 1.78
30; 61; 0; 1.79
49; 39; 0; 1.63
39; 52; 0; 1.7
35; 32; 35; 1.98
44; 35; 0; 1.77
30; 62; 0; 1.78
49; 40; 0; 1.62
39; 53; 0; 1.69
44; 36; 0; 1.76
35; 33; 30; 1.97
49; 41; 0; 1.61
30; 63; 0; 1.77
39; 54; 0; 1.68
44; 37; 0; 1.75
35; 34; 24; 1.96
49; 42; 0; 1.6
30; 64; 0; 1.76
39; 55; 0; 1.67
44; 38; 0; 1.74
49; 43; 0; 1.59
35; 35; 15; 1.95
30; 65; 0; 1.75
39; 56; 0; 1.66
44; 39; 0; 1.73
49; 44; 0; 1.58
35; 36; 13; 1.94
39; 57; 0; 1.65
30; 66; 0; 1.74
44; 40; 0; 1.72
49; 45; 0; 1.57
39; 58; 0; 1.64
35; 37; 5; 1.93
30; 67; 0; 1.73
49; 46; 0; 1.56
44; 41; 0; 1.71
39; 59; 0; 1.63
35; 38; 2; 1.92
30; 68; 0; 1.72
49; 47; 0; 1.55
44; 42; 0; 1.7
39; 60; 0; 1.62
35; 39; 0; 1.91
30; 69; 0; 1.71
49; 48; 0; 1.54
44; 43; 0; 1.69
39; 61; 0; 1.61
35; 40; 0; 1.9
30; 70; 0; 1.7
49; 49; 0; 1.53
44; 44; 0; 1.68
40; 0; 40; 2.2
49; 50; 0; 1.52
35; 41; 0; 1.89
40; 1; 40; 2.19
44; 45; 0; 1.67
49; 51; 0; 1.51
35; 42; 0; 1.88
40; 2; 40; 2.18
44; 46; 0; 1.66
50; 0; 30; 2
40; 3; 40; 2.17
44; 47; 0; 1.65
35; 43; 0; 1.87
50; 1; 27; 1.99
40; 4; 40; 2.16
44; 48; 0; 1.64
35; 44; 0; 1.86
50; 2; 24; 1.98
40; 5; 40; 2.15
44; 49; 0; 1.63
35; 45; 0; 1.85
50; 3; 24; 1.97
40; 6; 40; 2.14
44; 50; 0; 1.62
35; 46; 0; 1.84
40; 7; 40; 2.13
50; 4; 24; 1.96
44; 51; 0; 1.61
40; 8; 40; 2.12
50; 5; 16; 1.95
35; 47; 0; 1.83
44; 52; 0; 1.6
40; 9; 40; 2.11
50; 6; 13; 1.94
35; 48; 0; 1.82
44; 53; 0; 1.59
40; 10; 40; 2.1
50; 7; 9; 1.93
35; 49; 0; 1.81
44; 54; 0; 1.58
40; 11; 40; 2.09
35; 50; 0; 1.8
50; 8; 9; 1.92
40; 12; 40; 2.08
44; 55; 0; 1.57
35; 51; 0; 1.79
40; 13; 40; 2.07
50; 9; 5; 1.91
44; 56; 0; 1.56
35; 52; 0; 1.78
40; 14; 40; 2.06
50; 10; 2; 1.9
45; 0; 40; 2.1
35; 53; 0; 1.77
40; 15; 40; 2.05
50; 11; 0; 1.89
35; 54; 0; 1.76
40; 16; 40; 2.04
45; 1; 40; 2.09
50; 12; 0; 1.88
35; 55; 0; 1.75
40; 17; 40; 2.03
45; 2; 40; 2.08
50; 13; 0; 1.87
35; 56; 0; 1.74
40; 18; 39; 2.02
45; 3; 39; 2.07
50; 14; 0; 1.86
35; 57; 0; 1.73
40; 19; 40; 2.01
50; 15; 0; 1.85
35; 58; 0; 1.72
45; 4; 39; 2.06
40; 20; 40; 2
35; 59; 0; 1.71
50; 16; 0; 1.84
45; 5; 40; 2.05
40; 21; 40; 1.99
35; 60; 0; 1.7
50; 17; 0; 1.83
40; 22; 40; 1.98
45; 6; 40; 2.04
35; 61; 0; 1.69
50; 18; 0; 1.82
40; 23; 37; 1.97
35; 62; 0; 1.68
45; 7; 40; 2.03
50; 19; 0; 1.81
35; 63; 0; 1.67
40; 24; 31; 1.96
45; 8; 40; 2.02
50; 20; 0; 1.8
35; 64; 0; 1.66
40; 25; 30; 1.95
35; 65; 0; 1.65
50; 21; 0; 1.79
45; 9; 40; 2.01
40; 26; 20; 1.94
50; 22; 0; 1.78
45; 10; 40; 2
40; 27; 9; 1.93
50; 23; 0; 1.77
45; 11; 39; 1.99
40; 28; 6; 1.92
45; 12; 36; 1.98
50; 24; 0; 1.76
40; 29; 2; 1.91
40; 30; 1; 1.9
50; 25; 0; 1.75
45; 13; 37; 1.97
40; 31; 0; 1.89
50; 26; 0; 1.74
45; 14; 35; 1.96
40; 32; 0; 1.88
50; 27; 0; 1.73
45; 15; 37; 1.95
40; 33; 0; 1.87
50; 28; 0; 1.72
45; 16; 14; 1.94
40; 34; 0; 1.86
50; 29; 0; 1.71
45; 17; 10; 1.93
40; 35; 0; 1.85
50; 30; 0; 1.7
45; 18; 6; 1.92
40; 36; 0; 1.84
50; 31; 0; 1.69
45; 19; 5; 1.91
40; 37; 0; 1.83
50; 32; 0; 1.68
45; 20; 2; 1.9
40; 38; 0; 1.82
50; 33; 0; 1.67
45; 21; 0; 1.89
40; 39; 0; 1.81
40; 40; 0; 1.8
45; 22; 0; 1.88
50; 34; 0; 1.66
40; 41; 0; 1.79
45; 23; 0; 1.87
50; 35; 0; 1.65
40; 42; 0; 1.78
45; 24; 0; 1.86
50; 36; 0; 1.64
40; 43; 0; 1.77
45; 25; 0; 1.85
50; 37; 0; 1.63
40; 44; 0; 1.76
45; 26; 0; 1.84
50; 38; 0; 1.62
40; 45; 0; 1.75
45; 27; 0; 1.83
50; 39; 0; 1.61
40; 46; 0; 1.74
45; 28; 0; 1.82
50; 40; 0; 1.6
40; 47; 0; 1.73
50; 41; 0; 1.59
45; 29; 0; 1.81
40; 48; 0; 1.72
50; 42; 0; 1.58
45; 30; 0; 1.8
40; 49; 0; 1.71
50; 43; 0; 1.57
45; 31; 0; 1.79
40; 50; 0; 1.7
50; 44; 0; 1.56
45; 32; 0; 1.78
40; 51; 0; 1.69
50; 45; 0; 1.55
40; 52; 0; 1.68
45; 33; 0; 1.77
50; 46; 0; 1.54
40; 53; 0; 1.67
45; 34; 0; 1.76
50; 47; 0; 1.53
40; 54; 0; 1.66
45; 35; 0; 1.75
50; 48; 0; 1.52
40; 55; 0; 1.65
45; 36; 0; 1.74
50; 49; 0; 1.51
40; 56; 0; 1.64
50; 50; 0; 1.5
45; 37; 0; 1.73
40; 57; 0; 1.63
45; 38; 0; 1.72
40; 58; 0; 1.62
40; 59; 0; 1.61
45; 39; 0; 1.71
40; 60; 0; 1.6
45; 40; 0; 1.7
45; 41; 0; 1.69
45; 42; 0; 1.68
45; 43; 0; 1.67
45; 44; 0; 1.66
45; 45; 0; 1.65
45; 46; 0; 1.64
45; 47; 0; 1.63
45; 48; 0; 1.62
45; 49; 0; 1.61
45; 50; 0; 1.6
45; 51; 0; 1.59
45; 52; 0; 1.58
45; 53; 0; 1.57
45; 54; 0; 1.56
45; 55; 0; 1.55
